{"TP":70443,"FP":2736,"FN":3592,"Precision":0.9626122248185955,"Recall":0.9514824069696765,"F1":0.957014957816512}