{"TP":71129,"FP":3325,"FN":2906,"Precision":0.9553415531737717,"Recall":0.9607482947254676,"F1":0.9580372956919367}